Season,Name,Team,Name,Team,Season,WAR,Dol,wRC+,$,NameASCII,PlayerId,MLBAMID
2025,"Aaron Judge","NYY","Aaron Judge","NYY",2025,7.431924064243185,59.45539251394548,220.59312871748787,,"Aaron Judge",15640,592450
2024,"Aaron Judge","NYY","Aaron Judge","NYY",2024,11.320079527041807,90.56063621633446,219.3038141609062,,"Aaron Judge",15640,592450
2023,"Shohei Ohtani","LAD","Shohei Ohtani","LAD",2023,6.575331379921453,52.60265103937162,180.0112338270554,,"Shohei Ohtani",19755,660271
2024,"Shohei Ohtani","LAD","Shohei Ohtani","LAD",2024,8.948746993177323,71.58997594541859,179.77759007431234,,"Shohei Ohtani",19755,660271
2023,"Ronald Acuña Jr.","ATL","Ronald Acuña Jr.","ATL",2023,9.115796925256346,72.92637540205077,171.57809096157143,,"Ronald Acuna Jr.",18401,660670
2024,"Juan Soto","NYM","Juan Soto","NYM",2024,8.21801161530988,65.74409292247904,180.51079750178053,,"Juan Soto",20123,665742
2023,"Corey Seager","TEX","Corey Seager","TEX",2023,6.337512893005978,50.70010314404782,171.86052868988762,,"Corey Seager",13624,608369
2023,"Mookie Betts","LAD","Mookie Betts","LAD",2023,7.585889385915251,60.687115087322006,165.06852965449013,,"Mookie Betts",13611,605141
2025,"Cal Raleigh","SEA","Cal Raleigh","SEA",2025,6.109450710245729,48.87560568196583,177.59831672320814,,"Cal Raleigh",21534,663728
2023,"Matt Olson","ATL","Matt Olson","ATL",2023,6.605496086799744,52.84396869439795,161.62973883307237,,"Matt Olson",14344,621566
2023,"Freddie Freeman","LAD","Freddie Freeman","LAD",2023,7.696609133969262,61.572873071754096,161.1066807402224,,"Freddie Freeman",5361,518692
2025,"Shohei Ohtani","LAD","Shohei Ohtani","LAD",2025,4.241984401875927,33.935875215007414,167.85938161834113,,"Shohei Ohtani",19755,660271
2024,"Bobby Witt Jr.","KCR","Bobby Witt Jr.","KCR",2024,10.438857804878275,83.5108624390262,168.38446516942204,,"Bobby Witt Jr.",25764,677951
2023,"Yandy Díaz","TBR","Yandy Díaz","TBR",2023,4.987200313317519,39.89760250654015,163.2356909775227,,"Yandy Diaz",16578,650490
2025,"Kyle Schwarber","PHI","Kyle Schwarber","PHI",2025,2.8876166606759295,23.100933285407436,157.3819125038893,,"Kyle Schwarber",16478,656941
2024,"Vladimir Guerrero Jr.","TOR","Vladimir Guerrero Jr.","TOR",2024,5.272180643830706,42.177445150645646,163.69554489330687,,"Vladimir Guerrero Jr.",19611,665489
2025,"Michael Busch","CHC","Michael Busch","CHC",2025,2.633549439341445,21.06839551473156,159.69293965763092,,"Michael Busch",26319,683737
2023,"Juan Soto","NYM","Juan Soto","NYM",2023,6.046135480478946,48.36908384383157,153.83533670049295,,"Juan Soto",20123,665742
2024,"Marcell Ozuna","ATL","Marcell Ozuna","ATL",2024,4.721861902829887,37.774895222639095,154.5830492724384,,"Marcell Ozuna",10324,542303
2024,"Brent Rooker","ATH","Brent Rooker","ATH",2024,5.127135091589567,41.017080732716536,163.63141597278016,,"Brent Rooker",19627,667670
2024,"Ketel Marte","ARI","Ketel Marte","ARI",2024,6.296012352040351,50.36809881632281,151.45875246588344,,"Ketel Marte",13613,606466
2025,"Juan Soto","NYM","Juan Soto","NYM",2025,2.992384320963094,23.93907456770475,157.37004349715457,,"Juan Soto",20123,665742
2025,"Jonathan Aranda","TBR","Jonathan Aranda","TBR",2025,2.2434974646790553,17.947979717432442,153.0211965678968,,"Jonathan Aranda",21837,666018
2025,"Byron Buxton","MIN","Byron Buxton","MIN",2025,3.8335270344773997,30.668216275819198,150.59803190629245,,"Byron Buxton",14161,621439
2025,"James Wood","WSN","James Wood","WSN",2025,3.652952247398845,29.22361797919076,151.70678620668235,,"James Wood",29518,695578
2025,"Pete Alonso","NYM","Pete Alonso","NYM",2025,2.880231159419627,23.041849275357016,155.10464671892953,,"Pete Alonso",19251,624413
2023,"Bryce Harper","PHI","Bryce Harper","PHI",2023,3.443321180632709,27.54656944506167,141.16555113014786,,"Bryce Harper",11579,547180
2024,"Gunnar Henderson","BAL","Gunnar Henderson","BAL",2024,7.922241344246121,63.37793075396897,153.5559145126812,,"Gunnar Henderson",26289,683002
2023,"Marcell Ozuna","ATL","Marcell Ozuna","ATL",2023,3.199284111631451,25.59427289305161,140.30562372004815,,"Marcell Ozuna",10324,542303
2024,"Bryce Harper","PHI","Bryce Harper","PHI",2024,5.085520622228795,40.68416497783036,143.64323424794375,,"Bryce Harper",11579,547180
2025,"Kyle Tucker","CHC","Kyle Tucker","CHC",2025,3.8199264252181773,30.559411401745418,147.17640816463745,,"Kyle Tucker",18345,663656
2025,"Corbin Carroll","ARI","Corbin Carroll","ARI",2025,3.6675187351363694,29.340149881090955,141.64829715053423,,"Corbin Carroll",25878,682998
2025,"Eugenio Suárez","ARI","Eugenio Suárez","ARI",2025,2.7260271327389693,21.808217061911755,140.61986093620854,,"Eugenio Suarez",12552,553993
2023,"Kyle Tucker","CHC","Kyle Tucker","CHC",2023,4.930495166631159,39.44396133304927,139.33915020820837,,"Kyle Tucker",18345,663656
2025,"Kyle Stowers","MIA","Kyle Stowers","MIA",2025,2.3035094349497145,18.428075479597716,138.57683137500277,,"Kyle Stowers",26151,669065
2024,"Mookie Betts","LAD","Mookie Betts","LAD",2024,4.299398903251488,34.3951912260119,139.675937112295,,"Mookie Betts",13611,605141
2025,"Riley Greene","DET","Riley Greene","DET",2025,2.9692147479780395,23.753717983824316,140.01933968085567,,"Riley Greene",25976,682985
2023,"Corbin Carroll","ARI","Corbin Carroll","ARI",2023,5.284082559474167,42.27266047579334,132.37987375740323,,"Corbin Carroll",25878,682998
2023,"Cody Bellinger","NYY","Cody Bellinger","NYY",2023,4.364165419730036,34.91332335784029,135.33902518792073,,"Cody Bellinger",15998,641355
2025,"Brent Rooker","ATH","Brent Rooker","ATH",2025,2.0364968448736236,16.29197475898899,134.61990957214323,,"Brent Rooker",19627,667670
2023,"Luis Arraez","SDP","Luis Arraez","SDP",2023,3.37339034302953,26.98712274423624,130.9129322406839,,"Luis Arraez",18568,650333
2025,"George Springer","TOR","George Springer","TOR",2025,1.7337265446684045,13.869812357347236,137.7848471111835,,"George Springer",12856,543807
2025,"Rafael Devers","SFG","Rafael Devers","SFG",2025,1.9237532705629894,15.390026164503915,135.13322200369763,,"Rafael Devers",17350,646240
2025,"Ryan O'Hearn","BAL","Ryan O'Hearn","BAL",2025,2.310178476425681,18.48142781140545,138.95281236701712,,"Ryan O'Hearn",16442,656811
2025,"Jacob Wilson","ATH","Jacob Wilson","ATH",2025,2.8658910854834323,22.92712868386746,133.62895467358587,,"Jacob Wilson",33266,805779
2025,"José Ramírez","CLE","José Ramírez","CLE",2025,3.8318776507268684,30.655021205814947,138.79987079129495,,"Jose Ramirez",13510,608070
2024,"Kyle Schwarber","PHI","Kyle Schwarber","PHI",2024,3.3047840947542007,26.438272758033605,133.94465799222058,,"Kyle Schwarber",16478,656941
2024,"Freddie Freeman","LAD","Freddie Freeman","LAD",2024,3.948791903550405,31.59033522840324,135.89878273217283,,"Freddie Freeman",5361,518692
2024,"Jurickson Profar","ATL","Jurickson Profar","ATL",2024,4.290490241961855,34.32392193569484,139.09734083136846,,"Jurickson Profar",10815,595777
2024,"Seiya Suzuki","CHC","Seiya Suzuki","CHC",2024,3.4793177355521316,27.834541884417053,136.85750647757789,,"Seiya Suzuki",30116,673548
2025,"Seiya Suzuki","CHC","Seiya Suzuki","CHC",2025,2.171830627726713,17.374645021813706,137.71702027936533,,"Seiya Suzuki",30116,673548
2024,"Corey Seager","TEX","Corey Seager","TEX",2024,4.602040313225875,36.816322505807,141.2721873949584,,"Corey Seager",13624,608369
2024,"José Ramírez","CLE","José Ramírez","CLE",2024,6.487229055551049,51.897832444408394,141.71609652309758,,"Jose Ramirez",13510,608070
2024,"Rafael Devers","SFG","Rafael Devers","SFG",2024,4.202712331083469,33.62169864866775,135.12188604729235,,"Rafael Devers",17350,646240
2025,"Elly De La Cruz","CIN","Elly De La Cruz","CIN",2025,3.414872642554896,27.318981140439167,130.22885787985757,,"Elly De La Cruz",26668,682829
2024,"Francisco Lindor","NYM","Francisco Lindor","NYM",2024,7.797472129900518,62.37977703920414,137.75449773979346,,"Francisco Lindor",12916,596019
2025,"Zach McKinstry","DET","Zach McKinstry","DET",2025,3.128480003754125,25.027840030033,134.76299795976482,,"Zach McKinstry",19392,656716
2023,"Isaac Paredes","HOU","Isaac Paredes","HOU",2023,4.242720420363144,33.94176336290515,135.90487801939136,,"Isaac Paredes",20036,670623
2025,"Hunter Goodman","COL","Hunter Goodman","COL",2025,1.9650813448543867,15.720650758835093,120.13318243408592,,"Hunter Goodman",29715,696100
2025,"CJ Abrams","WSN","CJ Abrams","WSN",2025,2.986721183132113,23.893769465056906,133.5951953727636,,"CJ Abrams",25768,682928
2023,"Ketel Marte","ARI","Ketel Marte","ARI",2023,4.321857546188346,34.574860369506766,126.04283882901825,,"Ketel Marte",13613,606466
2023,"Jorge Soler","LAA","Jorge Soler","LAA",2023,1.8395067232158377,14.716053785726702,125.38115104694506,,"Jorge Soler",14221,624585
2025,"Pete Crow-Armstrong","CHC","Pete Crow-Armstrong","CHC",2025,4.93852740729885,39.5082192583908,134.85314418430949,,"Pete Crow-Armstrong",27769,691718
2025,"Matt Olson","ATL","Matt Olson","ATL",2025,2.740409479250406,21.92327583400325,132.38675799700005,,"Matt Olson",14344,621566
2025,"Bobby Witt Jr.","KCR","Bobby Witt Jr.","KCR",2025,4.770634951342545,38.16507961074036,128.01979105401642,,"Bobby Witt Jr.",25764,677951
2024,"Teoscar Hernández","LAD","Teoscar Hernández","LAD",2024,3.3850255507985443,27.080204406388354,132.18550095186953,,"Teoscar Hernandez",13066,606192
2025,"Manny Machado","SDP","Manny Machado","SDP",2025,3.0843107859869994,24.674486287895995,136.31098802358187,,"Manny Machado",11493,592518
2025,"Freddie Freeman","LAD","Freddie Freeman","LAD",2025,1.9411865056405202,15.529492045124162,132.83377856328602,,"Freddie Freeman",5361,518692
2023,"Rafael Devers","SFG","Rafael Devers","SFG",2023,3.4598647456129514,27.67891796490361,125.00069092084323,,"Rafael Devers",17350,646240
2023,"J.P. Crawford","SEA","J.P. Crawford","SEA",2023,4.934241892229069,39.473935137832555,136.76512885323288,,"J.P. Crawford",15491,641487
2025,"Bryce Harper","PHI","Bryce Harper","PHI",2025,1.515931356725766,12.127450853806128,130.01559146898356,,"Bryce Harper",11579,547180
2023,"Brandon Nimmo","NYM","Brandon Nimmo","NYM",2023,4.163922525842482,33.311380206739855,129.9164471477951,,"Brandon Nimmo",12927,607043
2024,"William Contreras","MIL","William Contreras","MIL",2024,5.534406708045481,44.275253664363845,132.1769244344676,,"William Contreras",20503,661388
2025,"Gleyber Torres","DET","Gleyber Torres","DET",2025,2.3293438657854577,18.63475092628366,131.88601479596335,,"Gleyber Torres",16997,650402
2023,"Seiya Suzuki","CHC","Seiya Suzuki","CHC",2023,3.124886531708822,24.999092253670575,127.45375471102334,,"Seiya Suzuki",30116,673548
2025,"Vladimir Guerrero Jr.","TOR","Vladimir Guerrero Jr.","TOR",2025,2.123944511219061,16.99155608975249,130.56518662995774,,"Vladimir Guerrero Jr.",19611,665489
2023,"Ozzie Albies","ATL","Ozzie Albies","ATL",2023,4.126098017909987,33.0087841432799,125.16981721404774,,"Ozzie Albies",16556,645277
2023,"Luis Robert Jr.","CHW","Luis Robert Jr.","CHW",2023,4.9157313742808615,39.32585099424689,128.44915156925688,,"Luis Robert Jr.",20043,673357
2025,"Isaac Paredes","HOU","Isaac Paredes","HOU",2025,2.5686133574483905,20.548906859587124,130.90157853364607,,"Isaac Paredes",20036,670623
2025,"Cody Bellinger","NYY","Cody Bellinger","NYY",2025,2.9942756101051105,23.954204880840884,130.90395943754746,,"Cody Bellinger",15998,641355
2025,"Trent Grisham","NYY","Trent Grisham","NYY",2025,1.801198187800282,14.409585502402257,130.84988455144818,,"Trent Grisham",18564,663757
2023,"William Contreras","MIL","William Contreras","MIL",2023,5.862828582189877,46.90262865751902,126.13037533343694,,"William Contreras",20503,661388
2024,"Jarren Duran","BOS","Jarren Duran","BOS",2024,6.8971666030293965,55.17733282423517,130.08508451350207,,"Jarren Duran",24617,680776
2024,"Riley Greene","DET","Riley Greene","DET",2024,4.002891047255936,32.02312837804749,134.93085573889377,,"Riley Greene",25976,682985
2023,"Spencer Steer","CIN","Spencer Steer","CIN",2023,1.9736792308396551,15.789433846717241,118.2679561387056,,"Spencer Steer",26323,668715
2025,"Josh Naylor","ARI","Josh Naylor","ARI",2025,1.5524315886825995,12.419452709460796,127.76086018649919,,"Josh Naylor",18839,647304
2023,"Marcus Semien","TEX","Marcus Semien","TEX",2023,6.342922788586644,50.74338230869315,127.24990453519426,,"Marcus Semien",12533,543760
2023,"Adolis García","TEX","Adolis García","TEX",2023,4.64299006397288,37.14392051178304,127.20237665708686,,"Adolis Garcia",19287,666969
2025,"Randy Arozarena","SEA","Randy Arozarena","SEA",2025,2.6793085808050847,21.434468646440678,134.55077700616127,,"Randy Arozarena",19290,668227
2023,"Christian Yelich","MIL","Christian Yelich","MIL",2023,3.896998243422538,31.175985947380305,123.53852486883761,,"Christian Yelich",11477,592885
2025,"Spencer Torkelson","DET","Spencer Torkelson","DET",2025,1.789077156049006,14.312617248392048,128.22534462897514,,"Spencer Torkelson",27465,679529
2023,"TJ Friedl","CIN","TJ Friedl","CIN",2023,4.100588985233821,32.80471188187057,116.82776676635835,,"TJ Friedl",19522,670770
2025,"Maikel Garcia","KCR","Maikel Garcia","KCR",2025,2.4215933616779157,19.372746893423326,122.77386432036761,,"Maikel Garcia",22715,672580
2025,"Mike Trout","LAA","Mike Trout","LAA",2025,1.0761819262212278,8.609455409769822,125.04558105475759,,"Mike Trout",10155,545361
2024,"Jackson Merrill","SDP","Jackson Merrill","SDP",2024,5.26271980819422,42.10175846555376,129.81689426709366,,"Jackson Merrill",29490,701538
2023,"Alex Bregman","BOS","Alex Bregman","BOS",2023,4.434719075534487,35.4777526042759,124.90705330790391,,"Alex Bregman",17678,608324
2023,"Christian Walker","HOU","Christian Walker","HOU",2023,3.8710104955608013,30.96808396448641,119.48619257852901,,"Christian Walker",13419,572233
2025,"Fernando Tatis Jr.","SDP","Fernando Tatis Jr.","SDP",2025,3.967695748323324,31.741565986586593,129.91455991488635,,"Fernando Tatis Jr.",19709,665487
2023,"Paul Goldschmidt","NYY","Paul Goldschmidt","NYY",2023,3.366094675168524,26.928757401348193,121.59977467993272,,"Paul Goldschmidt",9218,502671
2023,"Kyle Schwarber","PHI","Kyle Schwarber","PHI",2023,0.9249133414056101,7.399306731244881,118.28686771195149,,"Kyle Schwarber",16478,656941
2025,"Brendan Donovan","STL","Brendan Donovan","STL",2025,2.6017058981530923,20.813647185224738,126.9419719366751,,"Brendan Donovan",24679,680977
2024,"Steven Kwan","CLE","Steven Kwan","CLE",2024,4.174679048654697,33.39743238923758,131.28601514604196,,"Steven Kwan",24610,680757
2023,"Bo Bichette","TOR","Bo Bichette","TOR",2023,3.8279661475226017,30.623729180180813,122.98336689736799,,"Bo Bichette",19612,666182
2024,"Trea Turner","PHI","Trea Turner","PHI",2024,3.8389585062468314,30.71166804997465,122.67680442478549,,"Trea Turner",16252,607208
2023,"Jake Burger","TEX","Jake Burger","TEX",2023,2.2432720334163383,17.946176267330706,120.12561512338935,,"Jake Burger",22275,669394
2025,"Wilyer Abreu","BOS","Wilyer Abreu","BOS",2025,1.9894764261240097,15.915811408992077,119.28742252704092,,"Wilyer Abreu",23772,677800
2024,"Elly De La Cruz","CIN","Elly De La Cruz","CIN",2024,6.53654253214844,52.29234025718752,119.20993426452877,,"Elly De La Cruz",26668,682829
2025,"Gunnar Henderson","BAL","Gunnar Henderson","BAL",2025,2.535337950786593,20.282703606292745,125.20062927281563,,"Gunnar Henderson",26289,683002
2025,"J.P. Crawford","SEA","J.P. Crawford","SEA",2025,2.4519348121479343,19.615478497183474,130.77436085309753,,"J.P. Crawford",15491,641487
2025,"Andy Pages","LAD","Andy Pages","LAD",2025,2.952014713446715,23.61611770757372,125.12905292281405,,"Andy Pages",24816,681624
2023,"Brent Rooker","ATH","Brent Rooker","ATH",2023,2.1130478000705093,16.904382400564074,126.08690114436891,,"Brent Rooker",19627,667670
2025,"Zach Neto","LAA","Zach Neto","LAA",2025,1.8482158221613731,14.785726577290985,122.11719753803688,,"Zach Neto",31347,687263
2023,"Julio Rodríguez","SEA","Julio Rodríguez","SEA",2023,5.839012318878497,46.71209855102798,128.75018720779815,,"Julio Rodriguez",23697,677594
2023,"LaMonte Wade Jr.","LAA","LaMonte Wade Jr.","LAA",2023,1.8343844449095585,14.675075559276468,120.55991193333024,,"LaMonte Wade Jr.",18126,664774
2023,"Randy Arozarena","SEA","Randy Arozarena","SEA",2023,3.051729185571221,24.413833484569768,125.01129865887994,,"Randy Arozarena",19290,668227
2025,"Jo Adell","LAA","Jo Adell","LAA",2025,1.2261684322213238,9.80934745777059,120.9826271649976,,"Jo Adell",20220,666176
2025,"Tyler Soderstrom","ATH","Tyler Soderstrom","ATH",2025,1.3718844152958387,10.97507532236671,118.50071793024493,,"Tyler Soderstrom",27467,691016
2023,"José Ramírez","CLE","José Ramírez","CLE",2023,4.644088635740689,37.152709085925515,122.1454865159653,,"Jose Ramirez",13510,608070
2025,"Christian Yelich","MIL","Christian Yelich","MIL",2025,1.3461680577832824,10.76934446226626,124.08443528275141,,"Christian Yelich",11477,592885
2023,"Gunnar Henderson","BAL","Gunnar Henderson","BAL",2023,4.650787924091306,37.20630339273045,121.8348868494595,,"Gunnar Henderson",26289,683002
2023,"Pete Alonso","NYM","Pete Alonso","NYM",2023,2.869454720902038,22.955637767216302,121.16138938474906,,"Pete Alonso",19251,624413
2023,"Justin Turner","CHC","Justin Turner","CHC",2023,1.129803571150537,9.038428569204296,115.63427683620988,,"Justin Turner",5235,457759
2023,"Francisco Lindor","NYM","Francisco Lindor","NYM",2023,5.576807407011284,44.61445925609027,121.03869874200872,,"Francisco Lindor",12916,596019
2023,"Gleyber Torres","DET","Gleyber Torres","DET",2023,3.632256316781493,29.058050534251944,121.10783273585345,,"Gleyber Torres",16997,650402
2023,"Ian Happ","CHC","Ian Happ","CHC",2023,3.3151689495704275,26.52135159656342,118.6102163137503,,"Ian Happ",17919,664023
2025,"Geraldo Perdomo","ARI","Geraldo Perdomo","ARI",2025,3.0183288836507716,24.146631069206173,121.18519822300476,,"Geraldo Perdomo",22799,672695
2025,"Ben Rice","NYY","Ben Rice","NYY",2025,1.364309728449891,10.914477827599129,122.20548808356816,,"Ben Rice",29576,700250
2025,"Matt Chapman","SFG","Matt Chapman","SFG",2025,2.432029188066398,19.456233504531184,124.76705993580177,,"Matt Chapman",16505,656305
2023,"Will Smith","LAD","Will Smith","LAD",2023,3.8023175297036467,30.418540237629173,117.08908384497374,,"Will Smith",19197,669257
2023,"Michael Harris II","ATL","Michael Harris II","ATL",2023,3.855841007698565,30.84672806158852,116.01849055092235,,"Michael Harris II",25931,671739
2023,"James Outman","LAD","James Outman","LAD",2023,3.8718796513564246,30.975037210851397,116.67742906176738,,"James Outman",24770,681546
2024,"Jose Altuve","HOU","Jose Altuve","HOU",2024,3.8603533949028632,30.882827159222902,126.69051411075256,,"Jose Altuve",5417,514888
2023,"Lars Nootbaar","STL","Lars Nootbaar","STL",2023,3.0307144520883753,24.245715616707002,117.60274340173136,,"Lars Nootbaar",21454,663457
2025,"Alec Burleson","STL","Alec Burleson","STL",2025,1.1648577466668595,9.318861973334876,122.948474183529,,"Alec Burleson",27615,676475
2025,"Francisco Lindor","NYM","Francisco Lindor","NYM",2025,3.769713759688698,30.157710077509584,125.38868424854222,,"Francisco Lindor",12916,596019
2024,"Christian Walker","HOU","Christian Walker","HOU",2024,3.0357052015155714,24.28564161212457,119.45317767189898,,"Christian Walker",13419,572233
2023,"Bobby Witt Jr.","KCR","Bobby Witt Jr.","KCR",2023,5.854841317159505,46.83873053727604,115.10351020404967,,"Bobby Witt Jr.",25764,677951
2023,"Xander Bogaerts","SDP","Xander Bogaerts","SDP",2023,4.603547397332269,36.82837917865815,118.92805681603853,,"Xander Bogaerts",12161,593428
2024,"Bryan Reynolds","PIT","Bryan Reynolds","PIT",2024,2.112762613995182,16.902100911961455,117.74449258192246,,"Bryan Reynolds",19326,668804
2025,"Josh Smith","TEX","Josh Smith","TEX",2025,1.9759916129190376,15.8079329033523,120.64588492766309,,"Josh Smith",26396,669701
2025,"Jose Altuve","HOU","Jose Altuve","HOU",2025,1.3588114184556241,10.870491347644993,120.31873831193091,,"Jose Altuve",5417,514888
2024,"Willy Adames","SFG","Willy Adames","SFG",2024,4.883525992632485,39.06820794105988,120.872490281409,,"Willy Adames",15986,642715
2023,"Jack Suwinski","PIT","Jack Suwinski","PIT",2023,2.6276718857752264,21.02137508620181,111.65979930624985,,"Jack Suwinski",22244,669261
2024,"Ian Happ","CHC","Ian Happ","CHC",2024,3.51909798702,28.15278389616,120.81967692462837,,"Ian Happ",17919,664023
2025,"Yandy Díaz","TBR","Yandy Díaz","TBR",2025,1.4261578797249657,11.409263037799725,119.08495110390831,,"Yandy Diaz",16578,650490
2025,"Nolan Schanuel","LAA","Nolan Schanuel","LAA",2025,1.4795917940494996,11.836734352395997,116.89189229424332,,"Nolan Schanuel",33189,694384
2023,"Nathaniel Lowe","WSN","Nathaniel Lowe","WSN",2023,2.7308153680335114,21.84652294426809,117.56105597507704,,"Nathaniel Lowe",19566,663993
2024,"Matt Chapman","SFG","Matt Chapman","SFG",2024,5.4613148825509334,43.69051906040747,120.89851607231698,,"Matt Chapman",16505,656305
2025,"Trea Turner","PHI","Trea Turner","PHI",2025,3.756055966148238,30.048447729185902,117.082982644781,,"Trea Turner",16252,607208
2025,"Brandon Nimmo","NYM","Brandon Nimmo","NYM",2025,2.101974352470229,16.81579481976183,122.90382951789121,,"Brandon Nimmo",12927,607043
2024,"Pete Alonso","NYM","Pete Alonso","NYM",2024,2.1240458902099313,16.99236712167945,122.25171370998369,,"Pete Alonso",19251,624413
2024,"Jorge Soler","LAA","Jorge Soler","LAA",2024,1.0855147339526534,8.684117871621227,119.78302447393114,,"Jorge Soler",14221,624585
2023,"Vladimir Guerrero Jr.","TOR","Vladimir Guerrero Jr.","TOR",2023,1.1777490925113545,9.421992740090836,116.25807922508241,,"Vladimir Guerrero Jr.",19611,665489
2024,"Manny Machado","SDP","Manny Machado","SDP",2024,3.5296351013842404,28.237080811073923,121.84557527807434,,"Manny Machado",11493,592518
2025,"Alejandro Kirk","TOR","Alejandro Kirk","TOR",2025,3.076434683667061,24.61147746933649,117.61209922532456,,"Alejandro Kirk",22581,672386
2024,"Matt Olson","ATL","Matt Olson","ATL",2024,2.604379469438262,20.835035755506095,117.52924971560422,,"Matt Olson",14344,621566
2025,"Ceddanne Rafaela","BOS","Ceddanne Rafaela","BOS",2025,3.3091702833122096,26.473362266497677,112.86418453699257,,"Ceddanne Rafaela",24262,678882
2024,"Tyler Stephenson","CIN","Tyler Stephenson","CIN",2024,3.0546193658461904,24.436954926769523,112.95983252024,,"Tyler Stephenson",17988,663886
2025,"Cam Smith","HOU","Cam Smith","HOU",2025,1.7666799230683494,14.133439384546795,118.07917441099687,,"Cam Smith",35108,701358
2025,"Paul Goldschmidt","NYY","Paul Goldschmidt","NYY",2025,1.3546569283262144,10.837255426609715,118.01041955563996,,"Paul Goldschmidt",9218,502671
2024,"Heliot Ramos","SFG","Heliot Ramos","SFG",2024,2.2900308445292556,18.320246756234045,119.9856860449932,,"Heliot Ramos",22515,671218
2024,"Jackson Chourio","MIL","Jackson Chourio","MIL",2024,4.013205748631239,32.10564598904991,118.59609415765475,,"Jackson Chourio",28806,694192
2023,"Masataka Yoshida","BOS","Masataka Yoshida","BOS",2023,0.6717170228439074,5.3737361827512595,110.68368141544202,,"Masataka Yoshida",31837,807799
2025,"Marcell Ozuna","ATL","Marcell Ozuna","ATL",2025,0.9562334665181986,7.649867732145589,117.33145847575376,,"Marcell Ozuna",10324,542303
2023,"Bryan Reynolds","PIT","Bryan Reynolds","PIT",2023,2.071409597887194,16.571276783097552,109.22645677108133,,"Bryan Reynolds",19326,668804
2025,"TJ Friedl","CIN","TJ Friedl","CIN",2025,2.0198819271991857,16.159055417593486,112.04407018651553,,"TJ Friedl",19522,670770
2024,"Eugenio Suárez","ARI","Eugenio Suárez","ARI",2024,3.820115821711299,30.56092657369039,115.31201074060364,,"Eugenio Suarez",12552,553993
2024,"Nathaniel Lowe","WSN","Nathaniel Lowe","WSN",2024,2.8842329982997126,23.0738639863977,122.0014221864401,,"Nathaniel Lowe",19566,663993
2025,"Heliot Ramos","SFG","Heliot Ramos","SFG",2025,1.1748353985820732,9.398683188656586,119.32603314951852,,"Heliot Ramos",22515,671218
2025,"Jasson Domínguez","NYY","Jasson Domínguez","NYY",2025,1.120017198340224,8.960137586721793,116.40097282704741,,"Jasson Dominguez",28080,691176
2024,"Michael Busch","CHC","Michael Busch","CHC",2024,2.200161777443836,17.601294219550688,117.73350480849913,,"Michael Busch",26319,683737
2025,"Willson Contreras","STL","Willson Contreras","STL",2025,1.8228528874744718,14.582823099795775,117.89091238660338,,"Willson Contreras",11609,575929
2025,"Junior Caminero","TBR","Junior Caminero","TBR",2025,1.9615849502986582,15.692679602389266,116.02763551772439,,"Junior Caminero",28163,691406
2024,"Alec Bohm","PHI","Alec Bohm","PHI",2024,3.4143457444737617,27.314765955790094,113.39686296328821,,"Alec Bohm",21618,664761
2024,"Salvador Perez","KCR","Salvador Perez","KCR",2024,3.2360359293763117,25.888287435010493,115.8287484391901,,"Salvador Perez",7304,521692
2025,"Gavin Sheets","SDP","Gavin Sheets","SDP",2025,1.1762129205126466,9.409703364101173,119.08783401683164,,"Gavin Sheets",19901,657757
2023,"Nick Castellanos","PHI","Nick Castellanos","PHI",2023,1.2292372493282286,9.83389799462583,107.910452119827,,"Nick Castellanos",11737,592206
2025,"Sal Frelick","MIL","Sal Frelick","MIL",2025,2.5211998308989356,20.169598647191485,116.19195157696748,,"Sal Frelick",29622,686217
2023,"Manny Machado","SDP","Manny Machado","SDP",2023,3.3902145446009553,27.121716356807642,112.95829190799378,,"Manny Machado",11493,592518
2024,"Jonathan India","KCR","Jonathan India","KCR",2024,2.903351610307079,23.22681288245663,108.92736717472316,,"Jonathan India",21523,663697
2025,"Vinnie Pasquantino","KCR","Vinnie Pasquantino","KCR",2025,0.7512297164077815,6.009837731262252,109.64254827965625,,"Vinnie Pasquantino",27676,686469
2023,"Trea Turner","PHI","Trea Turner","PHI",2023,4.119241718165386,32.95393374532309,106.93568867323432,,"Trea Turner",16252,607208
2024,"Brendan Donovan","STL","Brendan Donovan","STL",2024,3.1719025657102526,25.37522052568202,114.60076957943211,,"Brendan Donovan",24679,680977
2025,"Bo Bichette","TOR","Bo Bichette","TOR",2025,1.9807219935765061,15.845775948612049,112.4339774792615,,"Bo Bichette",19612,666182
2023,"Fernando Tatis Jr.","SDP","Fernando Tatis Jr.","SDP",2023,4.097455568577642,32.779644548621135,111.51031979559423,,"Fernando Tatis Jr.",19709,665487
2024,"Josh Naylor","ARI","Josh Naylor","ARI",2024,2.295578696654255,18.36462957323404,118.73110400909066,,"Josh Naylor",18839,647304
2024,"Colton Cowser","BAL","Colton Cowser","BAL",2024,3.86582794236968,30.92662353895744,118.3797665218263,,"Colton Cowser",29591,681297
2024,"Oneil Cruz","PIT","Oneil Cruz","PIT",2024,3.5177795745261795,28.142236596209436,109.85043256349985,,"Oneil Cruz",21711,665833
2024,"Alex Bregman","BOS","Alex Bregman","BOS",2024,4.087077095350553,32.696616762804425,117.17090814526519,,"Alex Bregman",17678,608324
2024,"Yandy Díaz","TBR","Yandy Díaz","TBR",2024,1.9340802023886023,15.472641619108819,120.34472436052373,,"Yandy Diaz",16578,650490
2025,"Lawrence Butler","ATH","Lawrence Butler","ATH",2025,2.0292747847719865,16.234198278175892,107.76205137222232,,"Lawrence Butler",22542,671732
2025,"Jordan Beck","COL","Jordan Beck","COL",2025,0.6906393902096031,5.525115121676825,98.6635444957905,,"Jordan Beck",31431,687597
2023,"Ha-Seong Kim","TBR","Ha-Seong Kim","TBR",2023,4.22480458299073,33.79843666392584,110.35005443983381,,"Ha-Seong Kim",27506,673490
2023,"Austin Hays","CIN","Austin Hays","CIN",2023,2.6023757621352113,20.81900609708169,110.91837640887987,,"Austin Hays",19363,669720
2024,"Zach Neto","LAA","Zach Neto","LAA",2024,3.5282267956013644,28.225814364810915,114.67773942816864,,"Zach Neto",31347,687263
2025,"Taylor Ward","LAA","Taylor Ward","LAA",2025,1.414592067708095,11.31673654166476,109.74013317255692,,"Taylor Ward",17548,621493
2025,"Wyatt Langford","TEX","Wyatt Langford","TEX",2025,2.033309995256241,16.266479962049928,111.64480917091818,,"Wyatt Langford",33333,694671
2023,"Lourdes Gurriel Jr.","ARI","Lourdes Gurriel Jr.","ARI",2023,2.0133703937746614,16.10696315019729,104.94072279206902,,"Lourdes Gurriel Jr.",19238,666971
2023,"Alec Bohm","PHI","Alec Bohm","PHI",2023,1.3559727208553813,10.84778176684305,104.29006217868071,,"Alec Bohm",21618,664761
2024,"Yainer Diaz","HOU","Yainer Diaz","HOU",2024,2.978215005371821,23.825720042974567,115.84475312262599,,"Yainer Diaz",23003,673237
2025,"Gavin Lux","CIN","Gavin Lux","CIN",2025,0.17513646169970631,1.4010916935976505,105.77569247895367,,"Gavin Lux",19955,666158
2023,"Matt Chapman","SFG","Matt Chapman","SFG",2023,2.8962495874845073,23.16999669987606,108.38063552389121,,"Matt Chapman",16505,656305
2024,"Luis García Jr.","WSN","Luis García Jr.","WSN",2024,3.029741771085426,24.23793416868341,110.47826325232002,,"Luis Garcia Jr.",20391,671277
2025,"Nick Castellanos","PHI","Nick Castellanos","PHI",2025,-0.13156664307475646,-1.0525331445980517,108.81007902401475,,"Nick Castellanos",11737,592206
2024,"Brenton Doyle","COL","Brenton Doyle","COL",2024,3.6616747386421893,29.293397909137514,97.15649727184903,,"Brenton Doyle",25479,686668
2024,"Isaac Paredes","HOU","Isaac Paredes","HOU",2024,3.3625144255714874,26.9001154045719,116.40930055912264,,"Isaac Paredes",20036,670623
2024,"Jazz Chisholm Jr.","NYY","Jazz Chisholm Jr.","NYY",2024,4.034873466840002,32.27898773472002,110.3143314578858,,"Jazz Chisholm Jr.",20454,665862
2023,"Jonathan India","KCR","Jonathan India","KCR",2023,1.5195148660955424,12.15611892876434,99.80269030580861,,"Jonathan India",21523,663697
2023,"Nolan Arenado","STL","Nolan Arenado","STL",2023,2.6967405344548787,21.57392427563903,106.25771831755011,,"Nolan Arenado",9777,571448
2024,"Lourdes Gurriel Jr.","ARI","Lourdes Gurriel Jr.","ARI",2024,2.1560300304526296,17.248240243621037,108.18297418387803,,"Lourdes Gurriel Jr.",19238,666971
2024,"Justin Turner","CHC","Justin Turner","CHC",2024,1.1386118582104467,9.108894865683574,116.06625202283426,,"Justin Turner",5235,457759
2024,"Carlos Santana","CLE","Carlos Santana","CLE",2024,2.947270493764835,23.57816395011868,113.09767647279503,,"Carlos Santana",2396,467793
2023,"Cal Raleigh","SEA","Cal Raleigh","SEA",2023,4.382278343351823,35.05822674681458,114.00185467160927,,"Cal Raleigh",21534,663728
2025,"Steven Kwan","CLE","Steven Kwan","CLE",2025,2.0549078092617603,16.439262474094082,109.75481288377638,,"Steven Kwan",24610,680757
2024,"Will Smith","LAD","Will Smith","LAD",2024,2.608713944988121,20.869711559904967,109.24176807955119,,"Will Smith",19197,669257
2023,"Spencer Torkelson","DET","Spencer Torkelson","DET",2023,1.4436551923303833,11.549241538643066,107.65710597796023,,"Spencer Torkelson",27465,679529
2024,"Jake Burger","TEX","Jake Burger","TEX",2024,1.40904685666285,11.2723748533028,106.7601443007207,,"Jake Burger",22275,669394
2024,"Taylor Ward","LAA","Taylor Ward","LAA",2024,2.8158764699922174,22.52701175993774,111.45976253786708,,"Taylor Ward",17548,621493
2023,"Ryan McMahon","COL","Ryan McMahon","COL",2023,1.7926894548156884,14.341515638525507,90.03459719336027,,"Ryan McMahon",15112,641857
2024,"Corbin Carroll","ARI","Corbin Carroll","ARI",2024,4.157323123416239,33.25858498732991,106.94251013186191,,"Corbin Carroll",25878,682998
2025,"Teoscar Hernández","LAD","Teoscar Hernández","LAD",2025,0.357906239131264,2.863249913050112,108.79012385290434,,"Teoscar Hernandez",13066,606192
2023,"Dansby Swanson","CHC","Dansby Swanson","CHC",2023,4.832634872169268,38.661078977354144,104.77914810588999,,"Dansby Swanson",18314,621020
2024,"Vinnie Pasquantino","KCR","Vinnie Pasquantino","KCR",2024,1.5330827926152941,12.264662340922353,108.48191117850996,,"Vinnie Pasquantino",27676,686469
2025,"Jarren Duran","BOS","Jarren Duran","BOS",2025,1.43533355214884,11.48266841719072,102.60956791300684,,"Jarren Duran",24617,680776
2024,"Andrew McCutchen","PIT","Andrew McCutchen","PIT",2024,0.48451443254844095,3.8761154603875276,105.46743446647935,,"Andrew McCutchen",9847,457705
2023,"Ke'Bryan Hayes","PIT","Ke'Bryan Hayes","PIT",2023,3.1613440697694855,25.290752558155884,100.24176183741783,,"Ke'Bryan Hayes",18577,663647
2023,"J.T. Realmuto","PHI","J.T. Realmuto","PHI",2023,2.023041468970757,16.184331751766056,100.78611068786407,,"J.T. Realmuto",11739,592663
2025,"Jackson Chourio","MIL","Jackson Chourio","MIL",2025,2.012412217325411,16.099297738603287,108.74350067380168,,"Jackson Chourio",28806,694192
2023,"Carlos Santana","CLE","Carlos Santana","CLE",2023,1.5050887585660746,12.040710068528597,101.00408380799077,,"Carlos Santana",2396,467793
2023,"Bryson Stott","PHI","Bryson Stott","PHI",2023,4.0759023798166805,32.607219038533444,100.06638118282514,,"Bryson Stott",26294,681082
2024,"Luis Arraez","SDP","Luis Arraez","SDP",2024,1.1071696211747901,8.857356969398321,109.27615124422292,,"Luis Arraez",18568,650333
2023,"Josh Bell","WSN","Josh Bell","WSN",2023,0.4228995476519768,3.3831963812158143,103.73636721628894,,"Josh Bell",13145,605137
2024,"Josh Smith","TEX","Josh Smith","TEX",2024,2.8786791336688626,23.0294330693509,111.76371410621411,,"Josh Smith",26396,669701
2024,"Cal Raleigh","SEA","Cal Raleigh","SEA",2024,5.456870974591729,43.654967796733835,117.88651039378367,,"Cal Raleigh",21534,663728
2024,"CJ Abrams","WSN","CJ Abrams","WSN",2024,1.855756551587727,14.846052412701816,106.51758780582978,,"CJ Abrams",25768,682928
2023,"Nico Hoerner","CHC","Nico Hoerner","CHC",2023,4.548632766794042,36.389062134352336,103.09996918266313,,"Nico Hoerner",21479,663538
2024,"Cody Bellinger","NYY","Cody Bellinger","NYY",2024,2.090098087018619,16.720784696148954,107.87853364922601,,"Cody Bellinger",15998,641355
2023,"Andrew Vaughn","MIL","Andrew Vaughn","MIL",2023,0.41747445362717195,3.3397956290173756,102.9812952882748,,"Andrew Vaughn",26197,683734
2023,"Orlando Arcia","COL","Orlando Arcia","COL",2023,2.414511656197152,19.316093249577214,100.33032668991532,,"Orlando Arcia",13185,606115
2024,"Wyatt Langford","TEX","Wyatt Langford","TEX",2024,2.998136868036826,23.98509494429461,110.63226848471588,,"Wyatt Langford",33333,694671
2024,"Nick Castellanos","PHI","Nick Castellanos","PHI",2024,0.2502025068015242,2.001620054412194,103.62323208409094,,"Nick Castellanos",11737,592206
2024,"Julio Rodríguez","SEA","Julio Rodríguez","SEA",2024,3.9705057026578867,31.764045621263094,116.47048703325193,,"Julio Rodriguez",23697,677594
2024,"Brandon Nimmo","NYM","Brandon Nimmo","NYM",2024,2.7650774319665747,22.120619455732598,109.2349841657352,,"Brandon Nimmo",12927,607043
2024,"Randy Arozarena","SEA","Randy Arozarena","SEA",2024,1.9698319543114218,15.758655634491374,114.3717301932652,,"Randy Arozarena",19290,668227
2025,"Agustín Ramírez","MIA","Agustín Ramírez","MIA",2025,0.20501249549094322,1.6400999639275458,103.20197264778174,,"Agustin Ramirez",26546,682663
2025,"Trevor Larnach","MIN","Trevor Larnach","MIN",2025,0.24103863991309937,1.928309119304795,103.73555798564557,,"Trevor Larnach",21501,663616
2025,"Mike Yastrzemski","SFG","Mike Yastrzemski","SFG",2025,1.351352558935924,10.810820471487393,107.39421491319844,,"Mike Yastrzemski",14854,573262
2023,"George Springer","TOR","George Springer","TOR",2023,1.6979962183091206,13.583969746472965,102.37416446107359,,"George Springer",12856,543807
2025,"Andrew McCutchen","PIT","Andrew McCutchen","PIT",2025,0.3008586091677835,2.406868873342268,101.9733409538428,,"Andrew McCutchen",9847,457705
2024,"Joey Ortiz","MIL","Joey Ortiz","MIL",2024,3.2226750611837223,25.781400489469778,105.24512217672579,,"Joey Ortiz",25493,687401
2024,"Alec Burleson","STL","Alec Burleson","STL",2024,0.5969036914195576,4.7752295313564606,105.40062922830195,,"Alec Burleson",27615,676475
2024,"Matt Vierling","DET","Matt Vierling","DET",2024,2.507412115926098,20.059296927408784,108.21460324967069,,"Matt Vierling",21558,663837
2024,"Willi Castro","MIN","Willi Castro","MIN",2024,3.008243960101522,24.065951680812177,106.53698555300221,,"Willi Castro",17338,650489
2025,"Alec Bohm","PHI","Alec Bohm","PHI",2025,1.4700247348212407,11.760197878569926,101.18769242149096,,"Alec Bohm",21618,664761
2025,"Oneil Cruz","PIT","Oneil Cruz","PIT",2025,1.6771011994745006,13.416809595796005,100.44186905640281,,"Oneil Cruz",21711,665833
2025,"Jackson Holliday","BAL","Jackson Holliday","BAL",2025,1.0048502714715302,8.038802171772241,103.40734491468166,,"Jackson Holliday",31781,702616
2024,"Jesús Sánchez","MIA","Jesús Sánchez","MIA",2024,1.4814493005676217,11.851594404540974,101.06685976636818,,"Jesus Sanchez",19913,660821
2024,"Josh Bell","WSN","Josh Bell","WSN",2024,-0.09922145333415444,-0.7937716266732355,101.20359030793246,,"Josh Bell",13145,605137
2025,"Lars Nootbaar","STL","Lars Nootbaar","STL",2025,1.03505167215978,8.28041337727824,104.11096811666201,,"Lars Nootbaar",21454,663457
2023,"Teoscar Hernández","LAD","Teoscar Hernández","LAD",2023,1.970480669579684,15.763845356637471,107.29403716364548,,"Teoscar Hernandez",13066,606192
2024,"Spencer Steer","CIN","Spencer Steer","CIN",2024,1.4708782197233048,11.767025757786438,97.55840148004545,,"Spencer Steer",26323,668715
2025,"Ernie Clement","TOR","Ernie Clement","TOR",2025,2.2874239356948842,18.299391485559074,101.61044706793436,,"Ernie Clement",20352,676391
2023,"Thairo Estrada","COL","Thairo Estrada","COL",2023,3.502907964173437,28.023263713387497,99.89422740650242,,"Thairo Estrada",16426,642731
2025,"Nico Hoerner","CHC","Nico Hoerner","CHC",2025,2.4232070413957283,19.385656331165826,104.07623010065599,,"Nico Hoerner",21479,663538
2024,"Masyn Winn","STL","Masyn Winn","STL",2024,3.5584728564687387,28.46778285174991,103.32431778321708,,"Masyn Winn",27479,691026
2024,"Nolan Schanuel","LAA","Nolan Schanuel","LAA",2024,0.6993825194237839,5.5950601553902715,104.48928799388013,,"Nolan Schanuel",33189,694384
2024,"Ryan McMahon","COL","Ryan McMahon","COL",2024,1.921447272026242,15.371578176209937,88.69099058019843,,"Ryan McMahon",15112,641857
2024,"Shea Langeliers","ATH","Shea Langeliers","ATH",2024,1.9752614170604597,15.802091336483677,109.4924367781867,,"Shea Langeliers",25816,669127
2024,"Jake Cronenworth","SDP","Jake Cronenworth","SDP",2024,2.0712208365105127,16.5697666920841,105.16733194027066,,"Jake Cronenworth",18036,630105
2023,"Ty France","MIN","Ty France","MIN",2023,1.30312181130739,10.42497449045912,106.12947244905925,,"Ty France",17982,664034
2023,"Matt Vierling","DET","Matt Vierling","DET",2023,1.7478864631433078,13.983091705146462,99.95038936645952,,"Matt Vierling",21558,663837
2025,"Brice Turang","MIL","Brice Turang","MIL",2025,1.7995344768175838,14.39627581454067,102.40993558391516,,"Brice Turang",22186,668930
2023,"Elias Díaz","SDP","Elias Díaz","SDP",2023,-0.03203645653183296,-0.25629165225466366,82.8263619409807,,"Elias Diaz",11680,553869
2023,"Jeff McNeil","NYM","Jeff McNeil","NYM",2023,2.444098541525676,19.55278833220541,100.01478946608557,,"Jeff McNeil",15362,643446
2025,"Xavier Edwards","MIA","Xavier Edwards","MIA",2025,1.1672436985917671,9.337949588734137,98.9175336433787,,"Xavier Edwards",22266,669364
2024,"Nolan Arenado","STL","Nolan Arenado","STL",2024,3.127599176573769,25.02079341259015,102.09618909994802,,"Nolan Arenado",9777,571448
2025,"Kyle Manzardo","CLE","Kyle Manzardo","CLE",2025,0.371020075265606,2.968160602124848,101.35370952293708,,"Kyle Manzardo",29794,700932
2025,"Spencer Steer","CIN","Spencer Steer","CIN",2025,0.48134084498524565,3.8507267598819652,95.51558036452582,,"Spencer Steer",26323,668715
2023,"Eugenio Suárez","ARI","Eugenio Suárez","ARI",2023,3.5457133841844093,28.365707073475274,105.06779696612003,,"Eugenio Suarez",12552,553993
2024,"Nico Hoerner","CHC","Nico Hoerner","CHC",2024,3.89833452056717,31.18667616453736,102.02362869428785,,"Nico Hoerner",21479,663538
2023,"Steven Kwan","CLE","Steven Kwan","CLE",2023,3.2068107265026713,25.65448581202137,99.41713403433708,,"Steven Kwan",24610,680757
2024,"Gleyber Torres","DET","Gleyber Torres","DET",2024,1.8029408724623575,14.42352697969886,104.60318313188397,,"Gleyber Torres",16997,650402
2025,"Wilmer Flores","SFG","Wilmer Flores","SFG",2025,0.265772702707757,2.126181621662056,102.3900096701839,,"Wilmer Flores",5827,527038
2025,"Jung Hoo Lee","SFG","Jung Hoo Lee","SFG",2025,1.4804614052474907,11.843691241979926,102.33155709604185,,"Jung Hoo Lee",33824,808982
2025,"William Contreras","MIL","William Contreras","MIL",2025,1.9234659287138363,15.38772742971069,100.92141941808255,,"William Contreras",20503,661388
2025,"Ian Happ","CHC","Ian Happ","CHC",2025,0.8984290527525101,7.1874324220200805,101.11236356686703,,"Ian Happ",17919,664023
2023,"Willy Adames","SFG","Willy Adames","SFG",2023,3.4252956238153125,27.4023649905225,95.36352071357956,,"Willy Adames",15986,642715
2025,"Julio Rodríguez","SEA","Julio Rodríguez","SEA",2025,2.4682282208274513,19.74582576661961,105.13101883802139,,"Julio Rodriguez",23697,677594
2025,"Carlos Santana","CLE","Carlos Santana","CLE",2025,0.9964552784646076,7.971642227716861,99.7197882577453,,"Carlos Santana",2396,467793
2024,"Logan O'Hoppe","LAA","Logan O'Hoppe","LAA",2024,2.144685529390141,17.157484235121128,101.39037177392333,,"Logan O'Hoppe",24729,681351
2025,"Dansby Swanson","CHC","Dansby Swanson","CHC",2025,1.8583696024598733,14.866956819678986,100.39489609920886,,"Dansby Swanson",18314,621020
2025,"Luis Arraez","SDP","Luis Arraez","SDP",2025,0.04517461768518982,0.3613969414815186,102.33767714923945,,"Luis Arraez",18568,650333
2025,"Lourdes Gurriel Jr.","ARI","Lourdes Gurriel Jr.","ARI",2025,0.7718817659396853,6.175054127517482,97.19282236745603,,"Lourdes Gurriel Jr.",19238,666971
2024,"Paul Goldschmidt","NYY","Paul Goldschmidt","NYY",2024,1.1029061907557047,8.823249526045638,99.5141428393441,,"Paul Goldschmidt",9218,502671
2025,"Cedric Mullins","BAL","Cedric Mullins","BAL",2025,0.6821791677924275,5.45743334233942,98.43012244737966,,"Cedric Mullins",17929,656775
2025,"Trevor Story","BOS","Trevor Story","BOS",2025,1.4654572126133274,11.72365770090662,92.24489840820215,,"Trevor Story",12564,596115
2025,"Xander Bogaerts","SDP","Xander Bogaerts","SDP",2025,2.2123593128715573,17.69887450297246,101.45143840864559,,"Xander Bogaerts",12161,593428
2023,"Carlos Correa","MIN","Carlos Correa","MIN",2023,1.7355038333302675,13.88403066664214,94.31939940565432,,"Carlos Correa",14162,621043
2025,"Otto Lopez","MIA","Otto Lopez","MIA",2025,1.9120969115022244,15.296775292017795,95.12679430156386,,"Otto Lopez",19608,672640
2025,"J.T. Realmuto","PHI","J.T. Realmuto","PHI",2025,1.1478517621010125,9.1828140968081,94.9953600748915,,"J.T. Realmuto",11739,592663
2025,"Mookie Betts","LAD","Mookie Betts","LAD",2025,1.5905289186869243,12.724231349495394,96.74599526114184,,"Mookie Betts",13611,605141
2024,"Dansby Swanson","CHC","Dansby Swanson","CHC",2024,4.220679455937101,33.76543564749681,97.61529617839085,,"Dansby Swanson",18314,621020
2023,"Dominic Smith","SFG","Dominic Smith","SFG",2023,-0.06276089928481521,-0.5020871942785217,90.91918468987014,,"Dominic Smith",15653,642086
2023,"CJ Abrams","WSN","CJ Abrams","WSN",2023,2.2720162772886967,18.176130218309574,90.81896192019052,,"CJ Abrams",25768,682928
2025,"Masyn Winn","STL","Masyn Winn","STL",2025,2.415309067876793,19.322472543014342,96.97253007425996,,"Masyn Winn",27479,691026
2024,"Marcus Semien","TEX","Marcus Semien","TEX",2024,4.244560162222065,33.95648129777652,99.92466325840824,,"Marcus Semien",12533,543760
2023,"Tommy Edman","LAD","Tommy Edman","LAD",2023,2.357508634428927,18.860069075431415,91.712399929993,,"Tommy Edman",19470,669242
2025,"Salvador Perez","KCR","Salvador Perez","KCR",2025,0.2236657690605069,1.7893261524840551,90.26635656594692,,"Salvador Perez",7304,521692
2023,"Tyler Stephenson","CIN","Tyler Stephenson","CIN",2023,-0.5701475129073699,-4.561180103258959,84.91960155835369,,"Tyler Stephenson",17988,663886
2025,"Marcus Semien","TEX","Marcus Semien","TEX",2025,1.8233507275175866,14.586805820140693,94.65049861392286,,"Marcus Semien",12533,543760
2025,"Josh Bell","WSN","Josh Bell","WSN",2025,-0.3286754299355571,-2.6294034394844568,94.45387451344078,,"Josh Bell",13145,605137
2023,"Jurickson Profar","ATL","Jurickson Profar","ATL",2023,-1.5797707304354112,-12.63816584348329,77.90997751498556,,"Jurickson Profar",10815,595777
2025,"Jonathan India","KCR","Jonathan India","KCR",2025,-0.26993754103589984,-2.1595003282871987,89.66945913670811,,"Jonathan India",21523,663697
2025,"Ryan McMahon","COL","Ryan McMahon","COL",2025,0.9983087680735039,7.986470144588031,80.53390950931384,,"Ryan McMahon",15112,641857
2024,"Andrew Vaughn","MIL","Andrew Vaughn","MIL",2024,-0.16304172707014986,-1.3043338165611988,96.92290173140381,,"Andrew Vaughn",26197,683734
2025,"Willy Adames","SFG","Willy Adames","SFG",2025,1.7124873836084153,13.699899068867323,96.09430462291104,,"Willy Adames",15986,642715
2023,"Salvador Perez","KCR","Salvador Perez","KCR",2023,-0.31282689428636984,-2.5026151542909587,86.51349848179034,,"Salvador Perez",7304,521692
2025,"Nathaniel Lowe","WSN","Nathaniel Lowe","WSN",2025,-0.3713375301266008,-2.9707002410128065,92.54179648009251,,"Nathaniel Lowe",19566,663993
2025,"Luis García Jr.","WSN","Luis García Jr.","WSN",2025,0.24171518345571552,1.9337214676457242,92.35434116322608,,"Luis Garcia Jr.",20391,671277
2023,"Jake Cronenworth","SDP","Jake Cronenworth","SDP",2023,0.7635531294632846,6.108425035706277,90.96010917351738,,"Jake Cronenworth",18036,630105
2025,"Carlos Correa","MIN","Carlos Correa","MIN",2025,0.8803311031229311,7.0426488249834485,90.6316604242608,,"Carlos Correa",14162,621043
2024,"Colt Keith","DET","Colt Keith","DET",2024,1.8163178041035795,14.530542432828636,96.5056550419498,,"Colt Keith",27899,690993
2025,"Max Kepler","PHI","Max Kepler","PHI",2025,0.30287903151274903,2.4230322521019922,89.86283201666697,,"Max Kepler",12144,596146
2025,"Nolan Arenado","STL","Nolan Arenado","STL",2025,1.1714758174912376,9.371806539929901,93.01379809717658,,"Nolan Arenado",9777,571448
2025,"Miguel Vargas","CHW","Miguel Vargas","CHW",2025,0.4594037458110728,3.6752299664885824,89.7130947663513,,"Miguel Vargas",20178,678246
2025,"Ty France","MIN","Ty France","MIN",2025,0.4066185895648542,3.2529487165188335,89.5499710140194,,"Ty France",17982,664034
2023,"Andrew Benintendi","CHW","Andrew Benintendi","CHW",2023,-0.3497873882489658,-2.7982991059917266,87.46142361465925,,"Andrew Benintendi",17901,643217
2023,"Trent Grisham","NYY","Trent Grisham","NYY",2023,1.7104770675180812,13.68381654014465,89.45738357387894,,"Trent Grisham",18564,663757
2023,"Maikel Garcia","KCR","Maikel Garcia","KCR",2023,2.105878610124427,16.847028880995417,84.2171693290508,,"Maikel Garcia",22715,672580
2024,"George Springer","TOR","George Springer","TOR",2024,1.085180453831388,8.681443630651104,93.65672680618678,,"George Springer",12856,543807
2024,"Andrew Benintendi","CHW","Andrew Benintendi","CHW",2024,-0.3437796247785735,-2.750236998228588,92.79848806721812,,"Andrew Benintendi",17901,643217
2025,"Yainer Diaz","HOU","Yainer Diaz","HOU",2025,0.19207571958497105,1.5366057566797684,89.05984367409849,,"Yainer Diaz",23003,673237
2023,"Amed Rosario","WSN","Amed Rosario","WSN",2023,0.40629504216378354,3.2503603373102683,87.43571632719292,,"Amed Rosario",15518,642708
2024,"Ty France","MIN","Ty France","MIN",2024,-0.8296910144399282,-6.637528115519426,93.67638843774765,,"Ty France",17982,664034
2024,"Bryson Stott","PHI","Bryson Stott","PHI",2024,1.756231187193645,14.04984949754916,86.90361191649204,,"Bryson Stott",26294,681082
2025,"Anthony Volpe","NYY","Anthony Volpe","NYY",2025,0.8579346627308874,6.863477301847099,88.2525055033952,,"Anthony Volpe",27647,683011
2024,"Adolis García","TEX","Adolis García","TEX",2024,-0.22405419285593586,-1.792433542847487,92.83723049621102,,"Adolis Garcia",19287,666969
2024,"Brice Turang","MIL","Brice Turang","MIL",2024,2.5951037710461664,20.76083016836933,88.76750453890932,,"Brice Turang",22186,668930
2025,"Brooks Lee","MIN","Brooks Lee","MIN",2025,0.0718811351731147,0.5750490813849176,85.56043415874076,,"Brooks Lee",31595,686797
2025,"Christian Walker","HOU","Christian Walker","HOU",2025,0.0034332599016425602,0.027466079213140482,86.52061696120997,,"Christian Walker",13419,572233
2025,"Adolis García","TEX","Adolis García","TEX",2025,0.7650994228089711,6.120795382471769,85.891230390317,,"Adolis Garcia",19287,666969
2024,"Sal Frelick","MIL","Sal Frelick","MIL",2024,1.6110550596138582,12.888440476910866,87.30133663645928,,"Sal Frelick",29622,686217
2023,"Anthony Volpe","NYY","Anthony Volpe","NYY",2023,1.9203606811816274,15.36288544945302,82.8055478433573,,"Anthony Volpe",27647,683011
2025,"Jorge Soler","LAA","Jorge Soler","LAA",2025,-0.48041985203645754,-3.8433588162916603,82.13157769809939,,"Jorge Soler",14221,624585
2024,"Jacob Young","WSN","Jacob Young","WSN",2024,2.6243895829496475,20.99511666359718,84.54759025179293,,"Jacob Young",29931,696285
2023,"Zach McKinstry","DET","Zach McKinstry","DET",2023,1.1402846197693788,9.12227695815503,82.18907105916232,,"Zach McKinstry",19392,656716
2025,"Victor Scott II","STL","Victor Scott II","STL",2025,1.6176984263616072,12.941587410892858,84.53248167499436,,"Victor Scott II",31349,687363
2024,"Anthony Volpe","NYY","Anthony Volpe","NYY",2024,3.468447314797702,27.747578518381616,86.7922832107,,"Anthony Volpe",27647,683011
2025,"Bryan Reynolds","PIT","Bryan Reynolds","PIT",2025,-0.6445436626340936,-5.156349301072749,79.86782646195026,,"Bryan Reynolds",19326,668804
2024,"Ceddanne Rafaela","BOS","Ceddanne Rafaela","BOS",2024,0.9349460559526239,7.479568447620991,80.26377131194221,,"Ceddanne Rafaela",24262,678882
2025,"Bryson Stott","PHI","Bryson Stott","PHI",2025,0.9364783544632396,7.491826835705917,79.59529358453548,,"Bryson Stott",26294,681082
2025,"Matt McLain","CIN","Matt McLain","CIN",2025,0.8407601975777681,6.726081580622145,75.633902034828,,"Matt McLain",29695,680574
2025,"Michael Conforto","LAD","Michael Conforto","LAD",2025,-0.29272087411345354,-2.3417669929076284,80.73782573809088,,"Michael Conforto",16376,624424
2025,"Michael Toglia","COL","Michael Toglia","COL",2025,-1.3885102669340648,-11.108082135472518,65.94593227802929,,"Michael Toglia",25845,669911
2025,"Eric Wagaman","MIA","Eric Wagaman","MIA",2025,-0.4606900989053213,-3.6855207912425705,75.97074632164555,,"Eric Wagaman",23395,676572
2024,"Christopher Morel","TBR","Christopher Morel","TBR",2024,-1.0238944558799385,-8.191155647039508,81.24314202227995,,"Christopher Morel",21897,666624
2024,"Zack Gelof","ATH","Zack Gelof","ATH",2024,1.4351061278707056,11.480849022965645,82.200735945859,,"Zack Gelof",29766,680869
2025,"Ozzie Albies","ATL","Ozzie Albies","ATL",2025,0.3514249939037296,2.811399951229837,72.36872193740234,,"Ozzie Albies",16556,645277
2024,"Orlando Arcia","COL","Orlando Arcia","COL",2024,0.8156872908986325,6.52549832718906,72.5916058233947,,"Orlando Arcia",13185,606115
2024,"Maikel Garcia","KCR","Maikel Garcia","KCR",2024,1.19895309905347,9.59162479242776,70.14751106331602,,"Maikel Garcia",22715,672580
2023,"Myles Straw","TOR","Myles Straw","TOR",2023,0.1875613390819741,1.5004907126557927,68.49866483801766,,"Myles Straw",17620,664702
2025,"Luis Rengifo","LAA","Luis Rengifo","LAA",2025,-0.6242645279150973,-4.994116223320779,65.91682402733898,,"Luis Rengifo",19858,650859
2025,"Luis Robert Jr.","CHW","Luis Robert Jr.","CHW",2025,0.06549526150357257,0.5239620920285806,65.01975256471283,,"Luis Robert Jr.",20043,673357
2023,"Javier Báez","DET","Javier Báez","DET",2023,0.7639795435274638,6.11183634821971,62.548756339797706,,"Javier Baez",12979,595879
2025,"Ke'Bryan Hayes","PIT","Ke'Bryan Hayes","PIT",2025,0.8414200517666326,6.731360414133061,59.08905162409557,,"Ke'Bryan Hayes",18577,663647
2025,"Brenton Doyle","COL","Brenton Doyle","COL",2025,-0.7817337821508676,-6.253870257206941,46.61858973172288,,"Brenton Doyle",25479,686668
2025,"Joey Ortiz","MIL","Joey Ortiz","MIL",2025,0.43820041596973713,3.505603327757897,60.747341569697966,,"Joey Ortiz",25493,687401
2025,"Michael Harris II","ATL","Michael Harris II","ATL",2025,-0.4793868531883122,-3.8350948255064976,45.47854174201005,,"Michael Harris II",25931,671739